rank,id,Country,Continent,Infection_Risk,Case_Fatality_Rate,Test_Percentage,Recovery_Proporation,TotalCases,NewCases,TotalDeaths,NewDeaths,TotalRecovered,NewRecovered,ActiveCases,TotalTests,Population,one_Caseevery_X_ppl,one_Deathevery_X_ppl,one_Testevery_X_ppl,Deaths_1M_pop,Serious_Critical,Tests_1M_Pop,TotCases_1M_Pop
1,be02608d-a52f-4586-ae9b-220dee7daaf1,USA,North America,29.78,1.1,338.35,97.58,99697922,0,1098524,0,97287141,0,1312257,1132805201,334805269,3,305,0,3281.0,2622,3383475,297779.0
2,f6ecf8d7-5867-42dc-9290-24fda4cb14f0,India,Asia,3.18,1.19,64.13,98.78,44662952,0,530511,0,44118882,0,13559,902104560,1406631776,31,2651,2,377.0,698,641322,31752.0
3,911f9162-c39d-4e1c-9768-4d147cce2604,France,Europe,56.43,0.43,413.95,97.97,37012318,0,157546,0,36261179,0,593593,271490188,65584518,2,416,0,2402.0,869,4139547,564345.0
4,4be614b7-9865-4e78-a841-7dca20abd314,Germany,Europe,42.84,0.43,145.84,96.66,35932654,0,155012,0,34732600,101900,1045042,122332384,83883596,2,541,1,1848.0,1406,1458359,428363.0
5,338a3103-483a-4292-9559-1aac2ed47a90,Brazil,South America,16.21,1.97,29.61,97.64,34909480,0,688539,0,34085759,0,135182,63776166,215353593,6,313,3,3197.0,8318,296146,162103.0
6,bc4902f3-885b-4666-bbae-a159b53c831b,S. Korea,Asia,50.62,0.11,30.79,97.15,25981655,62472,29479,59,25241658,26793,710518,15804065,51329899,2,1741,3,574.0,336,307892,506170.0
7,6b196012-2ecd-45e8-aac2-9379e5300894,UK,Europe,34.94,0.81,762.84,98.67,23930041,0,194704,0,23611682,8755,123655,522526476,68497907,3,352,0,2842.0,146,7628357,349354.0
8,55dd283b-20e8-49ac-96f9-774f05abdfa9,Italy,Europe,39.23,0.76,420.54,97.44,23642011,0,179436,0,23037464,0,425111,253427252,60262770,3,336,0,2978.0,238,4205370,392315.0
9,905d7fab-0083-4209-8a10-61f8b3e74994,Japan,Asia,18.15,0.21,62.35,90.07,22790250,0,47139,0,20528109,0,2215002,78307523,125584838,6,2664,2,375.0,176,623543,181473.0
10,8d1ed383-8d38-4bf0-9931-ed46922de1a4,Russia,Europe,14.73,1.82,187.51,97.19,21472591,0,390712,0,20868400,0,213479,273400000,145805947,7,373,1,2680.0,2300,1875095,147268.0
11,a30588f4-4e4b-4e3b-92b2-1baeb341682e,Turkey,Asia,19.77,0.6,190.21,99.4,16919638,0,101203,0,16818435,0,0,162743369,85561976,5,845,1,1183.0,0,1902052,197747.0
12,63ceffad-0f5b-4c16-9ac6-9a3e037159ab,Spain,Europe,28.96,0.85,1008.23,98.4,13529643,0,115239,0,13313832,0,100572,471036328,46719142,3,405,0,2467.0,339,10082298,289595.0
13,de1a2462-a817-4b62-839f-9c0f5f717eda,Vietnam,Asia,11.63,0.38,86.73,92.16,11506656,0,43166,0,10605008,0,858482,85826548,98953541,9,2292,1,436.0,77,867342,116283.0
14,16766eed-520b-48d0-b7a1-f268b1b95520,Australia,Australia/Oceania,40.0,0.15,302.41,99.4,10426939,3373,15808,16,10364130,0,47001,78835048,26068792,3,1649,0,606.0,42,3024116,399978.0
15,7b0615b0-8cf9-43f0-82a9-55f99f273ff2,Argentina,South America,21.13,1.34,77.63,98.61,9720232,0,130003,0,9585461,0,4768,35716069,46010234,5,354,1,2826.0,246,776264,211262.0
16,7d4fc69a-8af7-4d94-8b6e-61be6d099a90,Netherlands,Europe,49.51,0.27,122.64,99.0,8521729,0,22845,0,8436156,2475,62728,21107399,17211447,2,753,1,1327.0,49,1226358,495120.0
17,0a14bd04-b96e-4afb-b4bf-8a4657740ccd,Taiwan,Asia,33.19,0.17,117.17,91.93,7929052,0,13247,0,7288911,0,626894,27990764,23888595,3,1803,1,555.0,0,1171721,331918.0
18,fa5c2b0a-f283-406a-9d80-2ec4c1309a62,Iran,Asia,8.79,1.91,63.26,97.02,7558593,0,144604,0,7333291,0,80698,54420785,86022837,11,595,2,1681.0,92,632632,87867.0
19,6d301ced-1214-48a3-952e-ffc655c8c284,Mexico,North America,5.41,4.64,14.14,89.78,7113429,0,330415,0,6386445,0,396569,18600671,131562772,18,398,7,2511.0,4798,141382,54069.0
20,2ff2436f-a569-44bf-ba29-083ad4f81f70,Indonesia,Asia,2.34,2.43,39.75,96.94,6531721,0,158909,0,6331960,0,40852,110961033,279134505,43,1757,3,569.0,2771,397518,23400.0
21,6450f181-d69f-44f8-9707-e16ef455de60,Poland,Europe,16.81,1.86,99.85,84.1,6344651,0,118178,0,5335940,0,890533,37681887,37739785,6,319,1,3131.0,1530,998466,168116.0
22,f90f48b5-e45e-4039-b963-64af3ef07a1c,Colombia,South America,12.25,2.25,71.36,97.27,6310332,0,141850,0,6138353,0,30129,36760659,51512762,8,363,1,2754.0,342,713622,122500.0
23,9fb86a08-d197-4fcb-b08a-bebbe5f6c642,Portugal,Europe,54.51,0.46,444.35,99.11,5527261,0,25312,0,5478321,1296,23628,45059939,10140570,2,401,0,2496.0,61,4443531,545064.0
24,3648e894-a54c-41c8-8abf-4994e7b2b79c,Austria,Europe,60.36,0.38,2213.82,98.82,5472671,0,21049,0,5408281,0,43341,200720764,9066710,2,431,0,2322.0,47,22138214,603601.0
25,6c1e2aef-eb2e-4cf7-9382-ed1358459d13,Ukraine,Europe,12.3,2.07,75.49,97.3,5312632,0,110186,0,5169160,2865,33286,32603805,43192122,8,392,1,2551.0,0,754855,123000.0
26,311c2c2c-2484-42eb-a30b-e163a001a74e,Greece,Europe,50.3,0.65,945.61,98.91,5188890,0,33750,0,5132130,7670,23010,97554770,10316637,2,306,0,3271.0,115,9456063,502963.0
27,e104cdc2-f1cc-45de-a101-fc1d50310e23,Malaysia,Asia,14.87,0.74,197.98,98.54,4933753,0,36504,0,4861792,0,35457,65692285,33181072,7,909,1,1100.0,75,1979812,148692.0
28,4a532c8d-46b7-45ea-b6a4-eb4966239356,Chile,South America,24.95,1.29,240.93,98.37,4803251,0,61868,0,4725096,0,16287,46380261,19250195,4,311,0,3214.0,108,2409340,249517.0
30,b012c316-0e20-4bfe-9ce2-edf9dcca2f0b,Thailand,Asia,6.7,0.7,24.65,99.03,4695207,0,32995,0,4649509,0,12703,17270775,70078203,15,2124,4,471.0,1496,246450,67000.0
31,d16f103a-0088-436d-bac6-0a29535520f9,Israel,Asia,50.31,0.25,443.63,99.58,4692163,0,11784,0,4672508,0,7871,41373364,9326000,2,791,0,1264.0,24,4436346,503127.0
32,fe31ac25-e0fe-49e9-a802-f00e0ed703d4,Belgium,Europe,39.59,0.71,308.38,98.28,4619721,0,32959,0,4540232,0,46530,35982406,11668278,3,354,0,2825.0,55,3083780,395921.0
33,e25f14b6-e3e8-4944-bef8-81d695a18188,Canada,North America,11.35,1.07,171.6,97.23,4357478,0,46710,0,4236969,3197,73799,65873060,38388419,9,822,1,1217.0,99,1715962,113510.0
34,1653a805-d080-4261-8e3f-dd2c7fef64bf,Switzerland,Europe,48.27,0.34,259.0,97.35,4235222,0,14275,0,4122963,0,97984,22724091,8773637,2,615,0,1627.0,69,2590042,482721.0
35,05633ff1-5dc7-49f6-b72a-2052c46ec3e1,Czechia,Europe,38.77,1.0,526.37,98.89,4162724,0,41674,0,4116478,0,4572,56514825,10736784,3,258,0,3881.0,25,5263664,387707.0
36,c5905947-ac1b-4bbb-8985-e794bb6ab6c3,Peru,South America,12.36,5.22,106.43,94.59,4161769,0,217098,0,3936507,0,8164,35851406,33684208,8,155,1,6445.0,37,1064339,123553.0
37,d2c89dbe-ab3b-4178-8d7d-1c908d7471c8,South Africa,Africa,6.63,2.54,43.57,97.06,4031096,0,102363,0,3912506,0,16227,26473049,60756135,15,594,2,1685.0,192,435726,66349.0
38,f0e6ea86-a22d-405c-a0c7-63dbb2a2c03f,Philippines,Asia,3.57,1.6,29.62,98.0,4011625,0,64298,0,3931293,0,16034,33323944,112508994,28,1750,3,571.0,124,296189,35656.0
39,4a525969-421a-4975-ae32-bfca080f31ec,Romania,Europe,17.29,2.04,134.26,97.76,3290030,0,67217,0,3216441,0,6372,25551874,19031335,6,283,1,3532.0,93,1342621,172874.0
40,9aa3efef-70e8-4d44-bb06-5113e05a298a,Denmark,Europe,53.81,0.24,2205.47,99.57,3139987,0,7420,0,3126455,0,6112,128688022,5834950,2,786,0,1272.0,1,22054691,538134.0
41,1846091c-6ef4-4641-8231-afcf4a6a77b6,Sweden,Europe,25.59,0.79,186.63,98.75,2614997,0,20721,0,2582316,225,11960,19071994,10218971,4,493,1,2028.0,17,1866332,255896.0
42,7d322f05-e02b-40f5-bd69-577adea222a3,Iraq,Asia,5.84,1.03,45.96,98.95,2461857,0,25361,0,2435999,0,497,19377732,42164965,17,1663,2,601.0,21,459570,58386.0
43,cc09f3b8-9fd0-44ca-859c-ad9524bf9f28,Serbia,Europe,27.85,0.72,132.27,98.65,2410231,0,17294,0,2377690,0,15247,11445310,8653016,4,500,1,1999.0,21,1322696,278542.0
44,d1e5413c-287a-449f-bd0d-6bfc56d0b365,Hungary,Europe,22.29,2.24,118.62,96.29,2141513,0,47938,0,2061999,0,31576,11394556,9606259,4,200,1,4990.0,25,1186160,222929.0
45,f7c6cb29-752b-4f13-b419-813680ad7e12,Singapore,Asia,35.81,0.08,414.27,96.26,2128572,0,1691,0,2049047,0,77834,24622510,5943546,3,3515,0,285.0,14,4142731,358132.0
46,c41513ff-6514-470a-b9f1-ff13a051cad2,Bangladesh,Asia,1.21,1.45,8.95,97.4,2035930,0,29426,0,1982999,0,23505,15024644,167885689,82,5705,11,175.0,1331,89493,12127.0
47,5de37feb-3a9b-42d2-8c09-345c543829a7,Hong Kong,Asia,25.74,0.54,871.67,90.21,1957542,0,10479,0,1765930,0,181133,66284763,7604299,4,726,0,1378.0,9,8716749,257426.0
48,ff0aaa9f-fc0e-4469-a70f-cece3c15fbb2,New Zealand,Australia/Oceania,38.23,0.17,154.02,98.78,1872459,0,3144,0,1849572,0,19743,7544063,4898203,3,1558,1,642.0,0,1540170,382275.0
49,785cd61b-3f21-4b2c-958a-ea07ecdad12c,Slovakia,Europe,33.95,1.11,134.41,98.77,1853706,0,20645,0,1830894,0,2167,7338979,5460193,3,264,1,3781.0,32,1344088,339495.0
50,81672076-33c2-48e4-81d2-db6ce456cc78,Georgia,Asia,44.98,0.95,426.33,91.72,1785138,0,16912,0,1637293,0,130933,16920079,3968738,2,235,0,4261.0,0,4263340,449800.0
51,802162af-bec2-4b62-849e-4ecbf1d9c380,Jordan,Asia,16.96,0.81,166.99,99.08,1746997,0,14122,0,1731007,0,1868,17201885,10300869,6,729,1,1371.0,59,1669945,169597.0
52,aed73591-ee4f-4d22-a0f3-3d025d0b7821,Ireland,Europe,33.34,0.48,254.92,99.15,1673681,0,8028,0,1659410,33,6243,12797540,5020199,3,625,0,1599.0,15,2549210,333389.0
53,935ff8a6-77f1-4114-9403-9cbb7fa9cb99,Pakistan,Asia,0.69,1.95,13.32,97.73,1574470,38,30628,1,1538689,0,5153,30570862,229488994,146,7493,8,133.0,53,133213,6861.0
54,4d14f059-2c26-4982-8132-fcc9a3e1deb3,Norway,Europe,26.6,0.29,199.63,99.57,1465992,0,4238,0,1459760,0,1994,11002430,5511370,4,1300,1,769.0,20,1996315,265994.0
55,d1fc1231-ca5a-4f3c-b4cb-4770cdf15a98,Kazakhstan,Asia,7.26,0.98,60.27,98.94,1395113,66,13693,0,1380356,0,1064,11575012,19205043,14,1403,2,713.0,24,602707,72643.0
56,dc7c0e8c-ad34-446d-a695-59fe62ef8c2d,Finland,Europe,24.5,0.5,210.35,97.27,1360721,0,6741,0,1323594,1849,30386,11684973,5554960,4,824,0,1214.0,21,2103521,244956.0
57,a2f0283a-7995-4463-889c-5bfef1e7796d,Bulgaria,Europe,18.73,2.96,156.95,96.33,1282284,0,37936,0,1235268,0,9080,10742859,6844597,5,180,1,5542.0,65,1569539,187343.0
58,1fe0506d-1912-462f-880b-04c8ebeae16c,Lithuania,Europe,47.73,0.74,384.36,98.73,1270349,0,9403,0,1254200,0,6746,10230481,2661708,2,283,0,3533.0,7,3843578,477268.0
59,75159d96-aba5-49fc-96a1-34fa22ef4770,Morocco,Africa,3.35,1.29,33.58,98.68,1266104,0,16282,0,1249345,0,477,12685340,37772756,30,2320,3,431.0,293,335833,33519.0
60,28cc8b8a-2bf8-43a0-935a-02226843eecb,Croatia,Europe,30.77,1.38,131.1,98.48,1248864,0,17200,0,1229923,0,1741,5321532,4059286,3,236,1,4237.0,10,1310953,307656.0
61,b9e72506-ad28-4266-8ab3-57bbb16ae65d,Slovenia,Europe,59.64,0.56,133.38,98.55,1239383,0,6903,0,1221411,0,11069,2771640,2078034,2,301,1,3322.0,16,1333780,596421.0
62,49bd08ef-9b3b-49c0-b8e6-fa7816ff0700,Lebanon,Asia,18.24,0.88,71.74,89.21,1219141,0,10713,0,1087587,0,120841,4795578,6684849,5,624,1,1603.0,74,717380,182374.0
63,eea4bad6-f826-4771-b1e4-d43b3124a0de,Tunisia,Africa,9.52,2.55,41.25,0.0,1146702,0,29263,0,1117439,0,0,4969609,12046656,11,412,2,2429.0,44,412530,95188.0
64,c2273b77-1484-454b-a2a4-42478d4847df,Guatemala,North America,6.15,1.74,33.1,98.16,1143218,0,19910,0,1122142,0,1166,6150862,18584039,16,933,3,1071.0,5,330976,61516.0
65,bb6306c0-534b-4377-9027-c92d4338c384,Costa Rica,North America,21.97,0.79,89.92,75.61,1138416,0,9009,0,860711,0,268696,4659757,5182354,5,575,1,1738.0,52,899158,219672.0
66,e3509c74-070d-4629-b48e-478afa585c60,Cuba,North America,9.83,0.77,125.46,99.23,1111300,0,8530,0,1102700,0,70,14184566,11305652,10,1325,1,754.0,23,1254644,98296.0
67,5b87d5fe-3ba9-42e8-bb88-09ae079e1fcb,Bolivia,South America,9.25,2.0,22.56,96.61,1109652,0,22240,0,1072029,0,15383,2705422,11992656,11,539,4,1854.0,220,225590,92528.0
68,5d7de038-91f5-4150-b3f0-ecb490d78997,UAE,Asia,10.31,0.23,1946.37,97.99,1039867,0,2348,0,1018947,0,18572,196228625,10081785,10,4294,0,233.0,0,19463679,103143.0
69,f86d0349-d502-4895-bf64-3364728f10c0,Ecuador,South America,5.57,3.56,17.02,96.29,1009044,0,35934,0,971619,0,1491,3082403,18113361,18,504,6,1984.0,759,170173,55707.0
70,6743d550-56b6-4a61-9ef4-67cd895e11ef,Nepal,Asia,3.31,1.2,19.73,98.74,1000759,0,12019,0,988168,0,572,5964376,30225582,30,2515,5,398.0,0,197329,33110.0
71,885c537d-9654-4502-8a5d-81bd424a659c,Belarus,Europe,10.54,0.72,144.67,99.15,994037,0,7118,0,985592,0,1327,13646641,9432800,9,1325,1,755.0,0,1446722,105381.0
72,21d1365d-9bc7-4624-a17d-c30d5b86a35f,Panama,North America,22.29,0.86,161.43,99.03,991251,0,8509,0,981602,0,1140,7178915,4446964,4,523,1,1913.0,16,1614341,222905.0
73,6a4f1e2a-ae9b-4d53-8966-3364c7e486ec,Uruguay,South America,28.35,0.76,174.91,99.17,991219,0,7526,0,982984,0,709,6114822,3496016,4,465,1,2153.0,18,1749083,283528.0
74,75989859-6f57-4c6a-82de-9134e3698840,Mongolia,Asia,29.19,0.22,119.3,99.61,986190,0,2179,0,982298,0,1713,4030048,3378078,3,1550,1,645.0,192,1193000,291938.0
75,681d9074-d938-4db5-935b-c3468192b7a5,Latvia,Europe,51.68,0.63,418.99,98.72,955436,0,6067,0,943208,0,6161,7746372,1848837,2,305,0,3282.0,3,4189862,516777.0
76,8322c6dd-f9f8-4061-bf31-a64e1ba32344,Saudi Arabia,Asia,2.3,1.14,124.67,98.36,824003,0,9423,0,810523,0,4057,44687206,35844909,44,3804,1,263.0,83,1246682,22988.0
77,0945c7b4-d129-4deb-9c5e-803aa859e387,Azerbaijan,Asia,8.0,1.21,71.22,98.76,823577,0,9957,0,813354,0,266,7336115,10300205,13,1034,1,967.0,0,712230,79957.0
78,3a31a649-913a-4832-a625-b9ea1fc659c6,Paraguay,South America,9.83,2.73,36.38,97.26,717980,0,19606,0,698317,0,57,2657506,7305843,10,373,3,2684.0,7,363751,98275.0
79,0d159598-c97e-485c-a17b-a34a82ae29bd,Bahrain,Asia,38.81,0.22,589.52,99.46,692378,0,1529,0,688612,0,2237,10517018,1783983,3,1167,0,857.0,2,5895246,388108.0
80,79b25104-b717-4a88-a9f8-deb868ddf519,Sri Lanka,Asia,3.11,2.5,30.06,97.48,671350,0,16782,0,654446,0,122,6486117,21575842,32,1286,3,778.0,0,300619,31116.0
81,d6f78add-5ba5-4a09-9207-f7ec95db5e61,Kuwait,Asia,15.12,0.39,192.14,99.57,662359,0,2569,0,659512,0,278,8416379,4380326,7,1705,1,586.0,2,1921405,151212.0
82,4b172cda-eece-4d9d-959d-5d9bd0152a7a,Dominican Republic,North America,5.85,0.68,33.08,99.28,647205,0,4384,0,642571,0,250,3657057,11056370,17,2522,3,397.0,4,330765,58537.0
83,656a97f0-ebc6-49bd-8aca-ba2b36ef2e5f,Myanmar,Asia,1.15,3.08,17.17,95.92,632391,0,19486,0,606621,0,6284,9484793,55227143,87,2834,6,353.0,0,171742,11451.0
84,d4008e11-6975-4ea6-a9d0-aa571c2604aa,Palestine,Asia,11.61,0.87,57.59,99.06,620816,0,5404,0,614962,0,450,3078533,5345541,9,989,2,1011.0,17,575907,116137.0
85,8ffed1e8-55da-40c5-ba55-c8217745b6d4,Estonia,Europe,45.94,0.45,270.75,86.46,607230,0,2748,0,524990,0,79492,3579101,1321910,2,481,0,2079.0,6,2707522,459358.0
86,f2bd16b1-2a21-42c3-ba7a-62e372619ba6,Cyprus,Asia,49.26,0.2,787.99,98.29,602662,0,1200,0,592342,0,9120,9640118,1223387,2,1019,0,981.0,60,7879860,492618.0
87,40ec322d-781b-4601-a88e-ea02e883d286,Moldova,Europe,14.81,2.0,80.14,84.85,594163,0,11900,0,504142,0,78121,3216305,4013171,7,337,1,2965.0,49,801437,148053.0
88,a4bf948e-feab-40c2-a4f3-8f1845227cb0,Venezuela,South America,1.87,1.07,11.48,98.83,546122,0,5823,0,539727,0,572,3359014,29266991,54,5026,9,199.0,36,114771,18660.0
89,7844e28f-fac5-4139-9e38-10524822bcc6,Egypt,Africa,0.49,4.77,3.48,85.75,515645,0,24613,0,442182,0,48850,3693367,106156692,206,4313,29,232.0,122,34792,4857.0
90,7fbd3cf9-04e1-4ecf-8187-7c1a53fcdd39,Libya,Africa,7.2,1.27,35.27,98.72,507060,0,6437,0,500580,0,43,2483145,7040745,14,1094,3,914.0,0,352682,72018.0
91,8b530d04-0043-48cc-938c-71395833398f,Ethiopia,Africa,0.41,1.53,4.41,95.56,494106,0,7572,0,472157,0,14377,5328867,120812698,245,15955,23,63.0,0,44109,4090.0
92,07e7a02c-dadf-46fd-b333-03cf9576b9e3,Réunion,Africa,52.21,0.19,176.6,88.29,474111,0,899,0,418572,0,54640,1603660,908061,2,1010,1,990.0,10,1766027,522114.0
93,d7b5b1f3-7613-497f-ad47-659c3e7b274f,Qatar,Asia,15.85,0.14,136.06,99.51,472226,0,684,0,469917,0,1625,4054544,2979915,6,4357,1,230.0,2,1360624,158470.0
94,06e13c04-2cd2-4b58-89c9-bf5e9673e7de,Honduras,North America,4.47,2.41,15.16,0.0,457196,0,11039,0,446157,0,0,1549348,10221247,22,926,7,1080.0,105,151581,44730.0
95,f281c4d9-4a39-44d4-baa9-8deb858d73cb,Armenia,Asia,14.99,1.96,108.69,97.54,445397,0,8709,0,434441,0,2247,3230307,2971966,7,341,1,2930.0,0,1086926,149866.0
96,6f12c131-ea0a-4953-9249-e3a16555b940,Bosnia and Herzegovina,Europe,12.31,4.04,57.75,94.45,400119,0,16182,0,377921,0,6016,1876638,3249317,8,201,2,4980.0,0,577548,123139.0
97,0c7482a0-3655-48e5-a002-ea7e84e9a5e0,Oman,Asia,7.49,1.07,469.57,96.46,398775,0,4260,0,384669,0,9846,25000000,5323993,13,1250,0,800.0,2,4695724,74901.0
98,a4a08077-a4ec-4cca-a3f9-da0271e814a2,North Macedonia,Europe,16.54,2.78,102.87,97.15,344146,0,9564,0,334335,0,247,2141032,2081304,6,218,1,4595.0,0,1028697,165351.0
99,4d0b4ae2-5c78-4099-83c1-106807cc3ca4,Kenya,Africa,0.6,1.67,6.98,98.11,339788,0,5678,0,333358,0,752,3924756,56215221,165,9901,14,101.0,1,69817,6044.0
100,8be534c1-1507-4eaa-a2a7-d3ddfecd8b35,Zambia,Africa,1.71,1.2,19.27,98.79,333685,0,4017,0,329652,0,16,3750980,19470234,58,4847,5,206.0,0,192652,17138.0
101,fddf0a3a-754d-4938-bf36-23233f4a20ff,Albania,Europe,11.62,1.08,67.72,98.45,333071,0,3592,0,327909,0,1570,1941032,2866374,9,798,1,1253.0,0,677173,116199.0
102,b9dfb35b-fcd7-4235-88db-3164f085fe32,Botswana,Africa,13.37,0.85,83.03,98.96,326344,0,2790,0,322955,0,599,2026898,2441162,7,875,1,1143.0,1,830300,133684.0
103,a1f7abfd-5e25-4c08-955a-c61a8ad19665,Luxembourg,Europe,46.35,0.38,686.92,97.06,297757,0,1133,0,288991,0,7633,4412567,642371,2,567,0,1764.0,0,6869188,463528.0
104,e4a3c6fe-8601-48ca-b352-666fda42efef,Montenegro,Europe,45.09,0.98,422.41,98.89,283146,0,2787,0,279999,0,360,2652514,627950,2,225,0,4438.0,6,4224085,450905.0
105,c1312566-0372-4b3f-b856-2ab3f468b8f2,Algeria,Africa,0.6,2.54,0.51,67.35,270891,0,6881,0,182452,0,81558,230861,45350148,167,6591,196,152.0,0,5091,5973.0
106,97dd3c39-1d10-44f7-b8db-6719494b8cd1,Nigeria,Africa,0.12,1.19,2.51,97.5,266192,0,3155,0,259532,0,3505,5441162,216746934,814,68700,40,15.0,11,25104,1228.0
107,09427c33-6194-4989-a06e-4d6d52518b06,Zimbabwe,Africa,1.68,2.17,16.47,97.68,257893,0,5606,0,251904,0,383,2525756,15331428,59,2735,6,366.0,12,164744,16821.0
108,c0e96d03-21df-42c0-a932-ec088d305cba,Uzbekistan,Asia,0.71,0.67,4.01,98.62,244864,0,1637,0,241486,0,1741,1377915,34382084,140,21003,25,48.0,23,40077,7122.0
109,c784559e-003a-490b-9753-4b23ee5fdb39,Brunei,Asia,54.11,0.09,161.14,92.16,241044,0,225,0,222140,0,18679,717784,445431,2,1980,1,505.0,3,1611437,541148.0
110,11b1c43d-0f5c-4503-855a-6bc5588790e2,Mozambique,Africa,0.7,0.96,4.14,99.0,230475,0,2224,0,228176,0,75,1371127,33089461,144,14878,24,67.0,11,41437,6965.0
111,b191f56d-eaf8-4a97-b1d3-e220e20aa686,Martinique,North America,59.81,0.47,221.59,0.0,223728,0,1047,0,222681,0,0,828928,374087,2,357,0,2799.0,8,2215870,598064.0
112,a07df09d-690a-4ca7-8d76-0b01a071ea51,Laos,Asia,2.89,0.35,16.48,0.0,216303,8,758,0,215545,0,0,1233207,7481023,35,9869,6,101.0,0,164845,28914.0
113,4fd8c9f5-b433-4ae4-b8a0-3b04a1841304,Iceland,Europe,59.87,0.11,578.0,0.0,206803,0,219,0,206584,0,0,1996384,345393,2,1577,0,634.0,2,5780036,598747.0
114,a173c7c0-6c68-4505-a21e-303b977f4432,Kyrgyzstan,Asia,3.07,1.45,28.35,95.13,206464,0,2991,0,196406,0,7067,1907195,6728271,33,2250,4,445.0,131,283460,30686.0
115,a22a19dd-cd37-4b17-bb78-214d939dcba6,Afghanistan,Asia,0.5,3.84,2.8,88.8,203942,0,7829,0,181093,0,15020,1140999,40754388,200,5206,36,192.0,1124,27997,5004.0
116,0eabfcba-af61-47f8-9054-217d94a00c7d,El Salvador,North America,3.08,2.1,39.85,88.91,201785,0,4230,0,179410,0,18145,2610114,6550389,32,1549,3,646.0,8,398467,30805.0
117,30ac458c-b000-48f2-abc7-7c4c1c3e590c,Guadeloupe,North America,49.09,0.51,234.63,0.0,196270,0,993,0,195277,0,0,938039,399794,2,403,0,2484.0,19,2346306,490928.0
118,3aae6f72-2cd7-423d-9e01-c89c936d9d98,Maldives,Asia,34.28,0.17,409.22,88.26,185454,0,309,0,163687,0,21458,2213831,540985,3,1751,0,571.0,25,4092223,342808.0
119,b1c7dda7-4fd3-4c84-9385-4a67aae6d0af,Trinidad and Tobago,North America,13.15,2.3,61.08,97.57,184949,0,4257,0,180461,0,231,859129,1406585,8,330,2,3026.0,8,610791,131488.0
120,45d2c117-d4d7-4ad4-92c2-a18419a2ac40,Ghana,Africa,0.53,0.85,7.77,99.02,170894,0,1460,0,169218,0,216,2518296,32395450,190,22189,13,45.0,2,77736,5275.0
121,30371056-ab76-408a-ab94-6e90ea8d6727,Namibia,Africa,6.45,2.4,40.35,97.58,169946,0,4080,0,165826,0,40,1062663,2633874,15,646,2,1549.0,0,403460,64523.0
122,38c9ecad-032b-490b-b53d-3926970e07e3,Uganda,Africa,0.35,2.14,6.22,59.26,169473,0,3630,0,100431,0,65412,3012408,48432863,286,13342,16,75.0,3,62198,3499.0
123,6441ca62-ed56-432f-b0c0-3024122e2588,Jamaica,North America,5.09,2.19,39.66,65.42,151931,0,3320,0,99392,0,49219,1183986,2985094,20,899,3,1112.0,0,396633,50897.0
124,f01f73fb-71ea-4624-b07e-e86ac91bc8aa,Cambodia,Asia,0.8,2.21,18.01,97.78,137996,0,3056,0,134934,0,6,3091420,17168639,124,5618,6,178.0,0,180062,8038.0
125,1f86fa0e-6fd9-4730-87fd-0ddbc0f36c5a,Rwanda,Africa,0.98,1.11,42.95,98.87,132611,0,1467,0,131112,0,32,5841019,13600464,103,9271,2,108.0,0,429472,9750.0
126,34f83a43-85ad-481a-a2ee-85187b17353c,Cameroon,Africa,0.44,1.58,6.28,95.66,123993,0,1965,0,118616,0,3412,1751774,27911548,225,14204,16,70.0,13,62762,4442.0
127,90d0759a-ecb8-4dd3-9312-e8f952e2834f,Malta,Europe,26.01,0.7,468.74,98.7,115512,0,808,0,114014,0,690,2081348,444033,4,550,0,1820.0,4,4687372,260143.0
128,b50812db-56f1-447e-968b-526934c83624,Angola,Africa,0.29,1.86,4.28,98.08,103131,0,1917,0,101155,0,59,1499795,35027343,340,18272,23,55.0,0,42818,2944.0
129,c8f46d40-0f9b-4a75-bbca-97461b78c8b8,Barbados,North America,35.77,0.54,267.37,99.04,103014,0,560,0,102024,0,430,770100,288023,3,514,0,1944.0,0,2673745,357659.0
130,797ccfb3-faf9-46fe-8e11-db4c9ea50700,Channel Islands,Europe,53.6,0.22,709.96,99.24,94576,0,206,0,93856,0,514,1252808,176463,2,857,0,1167.0,0,7099551,535954.0
131,80ba148c-004a-40fa-8304-1b4195fc4a28,French Guiana,South America,30.0,0.44,207.3,11.94,94259,0,411,0,11254,0,82594,651257,314169,3,764,0,1308.0,2,2072951,300026.0
132,cd1dfb64-b4f2-4661-b570-66a98c26eeb1,DRC,Africa,0.1,1.55,0.89,89.64,93219,0,1445,0,83560,0,8214,846704,95240792,1022,65911,112,15.0,0,8890,979.0
133,35347f67-6496-45b8-b013-622e97792c33,Senegal,Africa,0.5,2.22,6.49,97.7,88817,0,1968,0,86775,0,74,1146543,17653671,199,8970,15,111.0,0,64946,5031.0
134,b7cb925f-fc60-4ed0-b0d8-fd0a77dae164,Malawi,Africa,0.44,3.05,3.07,96.48,88073,0,2683,0,84974,0,416,619708,20180839,229,7522,33,133.0,67,30708,4364.0
135,bbfdfb8a-1a86-4ad2-a36c-38f6c9cbf0c4,Ivory Coast,Africa,0.32,0.94,5.93,99.04,87839,0,829,0,86993,0,17,1646312,27742298,316,33465,17,30.0,0,59343,3166.0
136,93bf229f-1445-4ce5-aa0a-63c907479092,Suriname,South America,13.61,1.71,40.15,0.0,81228,0,1392,0,79836,0,0,239603,596831,7,429,2,2332.0,0,401459,136099.0
137,6b425e6c-2b37-480f-bfe9-3531d926ef63,French Polynesia,Australia/Oceania,27.01,0.85,0.0,0.0,76764,0,649,0,76115,0,0,0,284164,4,438,0,2284.0,7,0,270140.0
138,0bc14339-2009-4132-a9f6-2a27ed8dd533,New Caledonia,Australia/Oceania,25.59,0.42,34.02,99.41,74441,0,314,0,74000,0,127,98964,290915,4,926,3,1079.0,9,340182,255886.0
139,5f88cfd7-6a96-4234-86e2-050ea154a08d,Eswatini,Africa,6.21,1.93,88.39,97.97,73618,0,1422,0,72125,0,71,1047249,1184817,16,833,1,1200.0,0,883891,62134.0
140,d53fe90c-410d-4315-a7ba-941fab44867d,Guyana,South America,9.0,1.79,88.53,98.18,71453,0,1281,0,70152,0,20,702976,794045,11,620,1,1613.0,0,885310,89986.0
141,c6f18a23-8f0d-43b2-9824-43841ad9e91b,Belize,North America,16.73,1.0,139.75,98.99,68972,0,687,0,68275,0,10,576016,412190,6,600,1,1667.0,6,1397453,167331.0
142,7b513adb-ea2d-490b-a0d5-8f9f7af33ddc,Fiji,Australia/Oceania,7.51,1.29,73.05,97.15,68270,0,878,0,66327,0,1065,664357,909466,13,1036,1,965.0,0,730491,75066.0
143,e13ba956-f90f-4d60-a37f-4dfe17710fe1,Madagascar,Africa,0.23,2.11,1.77,97.77,66788,0,1411,0,65297,0,80,515324,29178077,437,20679,57,48.0,0,17661,2289.0
144,7d476ff7-09ba-4720-a954-8116aa4732af,Sudan,Africa,0.14,7.83,1.22,90.82,63558,0,4978,0,57726,0,854,562941,45992020,724,9239,82,108.0,0,12240,1382.0
145,34e08b74-4426-4f8f-ba04-2ad3268d57ed,Mauritania,Africa,1.29,1.57,20.42,98.34,63403,0,997,0,62351,0,55,1001193,4901981,77,4917,5,203.0,0,204243,12934.0
146,1b4c6f13-6569-42c4-ac46-70aac0a61cf1,Cabo Verde,Africa,11.02,0.66,70.75,99.12,62566,0,410,0,62016,0,140,401622,567678,9,1385,1,722.0,23,707482,110214.0
147,bf5fe94d-de57-4ff8-b174-c1238e097c6c,Bhutan,Asia,7.92,0.03,292.37,98.61,62430,0,21,0,61564,0,845,2303734,787941,13,37521,0,27.0,0,2923739,79232.0
148,86c418c9-9bad-4c05-90a0-31f87650ee52,Syria,Asia,0.3,5.51,0.76,94.48,57372,0,3163,0,54203,0,6,146269,19364809,338,6122,132,163.0,0,7553,2963.0
149,7d567c91-c413-4427-b015-408a660c2fb7,Burundi,Africa,0.4,0.08,2.74,99.65,50574,0,38,0,50397,0,139,345742,12624840,250,332233,37,3.0,0,27386,4006.0
150,d7bf6e66-1301-41b6-abef-9d561247123d,Seychelles,Africa,49.67,0.35,0.0,98.47,49380,0,171,0,48626,0,583,0,99426,2,581,0,1720.0,0,0,496651.0
151,9151888a-1e30-41cf-83ac-6b30b75199ba,Gabon,Africa,2.1,0.63,69.48,98.87,48945,0,306,0,48392,0,247,1619864,2331533,48,7619,1,131.0,0,694763,20993.0
152,3a152b44-2832-418e-853e-50a89cacf701,Andorra,Europe,60.14,0.33,322.53,99.42,46588,0,155,0,46319,0,114,249838,77463,2,500,0,2001.0,14,3225256,601423.0
153,1d10595e-15e7-4d0f-a990-6b45b1af1120,Papua New Guinea,Australia/Oceania,0.49,1.46,2.68,96.37,45638,0,668,0,43982,0,988,249149,9292169,204,13910,37,72.0,7,26813,4911.0
154,9390f297-9b1c-4460-9969-09162343cfaa,Curaçao,North America,27.48,0.64,300.06,98.31,45489,0,293,0,44720,0,476,496693,165529,4,565,0,1770.0,3,3000640,274810.0
155,ebe06cac-5d5c-4fdd-bfe0-7fb7b27fbf19,Aruba,North America,40.27,0.54,165.31,97.93,43334,0,232,0,42438,0,664,177885,107609,2,464,1,2156.0,2,1653068,402699.0
156,fd80c13b-96b1-49cb-8612-2fc3c13907fd,Mauritius,Africa,3.19,2.53,28.14,95.8,40718,0,1031,0,39006,0,681,358675,1274727,31,1236,4,809.0,0,281374,31943.0
157,ba51f892-30dd-43c5-a994-f70954fc88d5,Mayotte,Africa,14.09,0.46,61.8,0.0,40339,0,187,0,40152,0,0,176919,286259,7,1531,2,653.0,0,618038,140918.0
158,10f44464-c1a6-4339-b9a7-cc76ca8596d2,Tanzania,Africa,0.06,2.11,0.0,0.0,40054,0,845,0,39209,0,0,0,63298550,1580,74910,0,13.0,7,0,633.0
159,23047b40-5204-4d21-a200-b219d68f6fdc,Togo,Africa,0.45,0.74,9.2,99.22,39314,0,290,0,39006,0,18,798957,8680837,221,29934,11,33.0,0,92037,4529.0
160,110c186f-54e9-4114-8646-c55536cbf62c,Guinea,Africa,0.27,1.2,4.76,97.51,38122,0,458,0,37174,0,490,660107,13865691,364,30274,21,33.0,8,47607,2749.0
161,1e9e5a58-50c9-4ff6-988d-2b7cdc2ae9c2,Isle of Man,Europe,44.33,0.31,175.84,0.0,38008,0,116,0,37892,0,0,150753,85732,2,739,1,1353.0,0,1758422,443335.0
162,26a055d8-a99d-4f17-9698-7ec229f92804,Bahamas,North America,9.33,2.23,64.1,97.01,37386,0,833,0,36270,0,283,256731,400516,11,481,2,2080.0,2,641001,93345.0
163,2cd14646-419f-420e-83f3-004a8647ec65,Faeroe Islands,Europe,70.4,0.08,1580.24,0.0,34658,0,28,0,34630,0,0,778000,49233,1,1758,0,569.0,5,15802409,703959.0
164,a5a50324-b8db-40ce-9a38-8c9f42b2257d,Lesotho,Africa,1.59,2.05,19.82,75.33,34490,0,706,0,25980,0,7804,431221,2175699,63,3082,5,324.0,0,198199,15852.0
165,fe9ceb47-3198-44a6-977f-ad8a1c678ed7,Haiti,North America,0.29,2.54,1.13,96.75,33828,0,860,0,32729,0,239,132422,11680283,345,13582,88,74.0,0,11337,2896.0
166,3333f6e7-a25a-4047-89f1-54968028405f,Mali,Africa,0.15,2.27,3.6,97.47,32739,0,742,0,31912,0,85,772218,21473764,656,28940,28,35.0,0,35961,1525.0
167,1004b1bb-30c2-49d2-b341-8a07c3fdcf99,Cayman Islands,North America,46.22,0.11,331.13,27.51,31096,0,35,0,8553,0,22508,222773,67277,2,1922,0,520.0,1,3311280,462208.0
168,cdb788e9-dee2-4809-993f-421c2223ef13,Saint Lucia,North America,15.96,1.37,113.98,98.46,29550,0,404,0,29095,0,51,210983,185113,6,458,1,2182.0,0,1139752,159632.0
169,e2155710-14d8-4ee2-87c2-7d46c3ac1ef8,Benin,Africa,0.22,0.58,4.73,99.35,27912,0,163,0,27730,0,19,604310,12784726,458,78434,21,13.0,5,47268,2183.0
170,ecade240-f4b1-4d06-b965-d48fa3c4486b,Somalia,Africa,0.16,4.99,2.38,48.37,27254,0,1361,0,13182,0,12711,400466,16841795,618,12375,42,81.0,0,23778,1618.0
171,c149304f-2523-4a3e-bc83-3d34d9c222e2,Congo,Africa,0.43,1.55,6.0,96.65,24837,0,386,0,24006,0,445,347815,5797805,233,15020,17,67.0,0,59991,4284.0
172,3bf85af0-0824-456e-b402-e67770e0d954,Timor-Leste,Asia,1.7,0.59,20.34,99.11,23310,0,138,0,23102,0,70,278529,1369429,59,9923,5,101.0,0,203391,17022.0
174,2e666397-1a93-4e38-a782-be34d6ea78b7,San Marino,Europe,63.73,0.55,462.47,98.96,21723,0,119,0,21497,0,107,157634,34085,2,286,0,3491.0,4,4624732,637318.0
175,2777760e-308e-4b64-ae2a-32861952ca58,Burkina Faso,Africa,0.1,1.79,1.13,97.74,21631,0,387,0,21143,0,101,248995,22102838,1022,57113,89,18.0,0,11265,979.0
176,eb3c622c-4e09-4e76-9f62-5986ec532511,Solomon Islands,Australia/Oceania,2.99,0.71,0.71,75.92,21544,0,153,0,16357,0,5034,5117,721159,33,4713,141,212.0,1,7096,29874.0
177,f23e58f6-ff0e-4fac-ac2f-a82c51b41d30,Liechtenstein,Europe,53.95,0.42,266.17,99.24,20709,0,87,0,20552,0,70,102174,38387,2,441,0,2266.0,1,2661682,539480.0
178,8862c06a-6b2a-43dd-b0e7-65fa2c6adaac,Gibraltar,Europe,59.7,0.54,1585.22,82.4,20121,0,108,0,16579,0,3434,534283,33704,2,312,0,3204.0,0,15852213,596991.0
179,759b83e8-7188-4a7f-9cc9-d580187ac7ba,Grenada,North America,17.28,1.21,160.98,98.69,19604,0,237,0,19348,0,19,182667,113475,6,479,1,2089.0,4,1609755,172761.0
180,a5595bac-dc78-412d-b4d6-a3dec5f10cff,Nicaragua,North America,0.27,1.22,0.0,22.85,18491,0,225,0,4225,0,14041,0,6779100,367,30129,0,33.0,0,0,2728.0
181,113949e6-d893-4803-9e79-ed404b7ef8f2,Bermuda,North America,29.75,0.81,1642.77,99.0,18428,0,149,0,18244,0,35,1017514,61939,3,416,0,2406.0,0,16427679,297519.0
182,6b5f4ee7-4e90-42ac-9490-5a8052f01697,South Sudan,Africa,0.16,0.75,3.53,98.85,18325,0,138,0,18115,0,72,410280,11618511,634,84192,28,12.0,1,35313,1577.0
183,ade1dd49-6935-41ea-9387-173c6fabbdf2,Tajikistan,Asia,0.18,0.7,0.0,97.07,17786,0,125,0,17264,0,397,0,9957464,560,79660,0,13.0,0,0,1786.0
184,bec0723e-b568-405c-aa9d-79c25dc00bc9,Equatorial Guinea,Africa,1.15,1.07,24.43,98.15,17178,0,183,0,16861,0,134,365697,1496662,87,8178,4,122.0,5,244342,11478.0
186,a24e99b5-d592-437a-bbeb-eb19bdfbc803,Samoa,Australia/Oceania,7.88,0.18,92.66,10.07,15946,0,29,0,1605,0,14312,187397,202239,13,6974,1,143.0,4,926612,78847.0
187,17833c0d-21d8-4fa8-9744-2c39c541867f,Dominica,North America,21.78,0.47,317.02,99.45,15760,0,74,0,15673,0,13,229344,72344,5,978,0,1023.0,0,3170187,217848.0
188,c830054b-710d-4310-8c0f-d3f68bdb773c,Djibouti,Africa,1.54,1.2,30.11,98.32,15690,0,189,0,15427,0,74,305941,1016097,65,5376,3,186.0,0,301094,15441.0
189,4088c3ae-7003-40cf-971a-8db0325a24a0,Marshall Islands,Australia/Oceania,25.62,0.11,0.0,99.8,15389,0,17,0,15358,0,14,0,60057,4,3533,0,283.0,22,0,256240.0
190,5af2bc78-d5a6-4ba3-892b-a5e804f50f1c,CAR,Africa,0.3,0.74,1.62,95.59,15289,0,113,0,14615,0,561,81294,5016678,328,44395,62,23.0,2,16205,3048.0
191,cd8aca67-cf0e-4935-ba90-40fbeba12f31,Monaco,Europe,37.77,0.42,197.69,99.33,15027,0,63,0,14926,0,38,78646,39783,3,631,1,1584.0,4,1976875,377724.0
192,d310d75e-c9d9-4175-bfe9-77a72865fbb0,Gambia,Africa,0.49,2.96,6.09,96.77,12580,0,372,0,12174,0,34,155686,2558482,203,6878,16,145.0,0,60851,4917.0
193,e874ebf4-8dc3-4430-8cee-7188fe21b727,Saint Martin,North America,30.27,0.52,282.86,11.63,12026,0,63,0,1399,0,10564,112382,39730,3,631,0,1586.0,7,2828643,302693.0
194,10c001f9-5d62-4525-bfae-70dbdd7493d9,Greenland,North America,21.01,0.18,289.48,23.06,11971,0,21,0,2761,0,9189,164926,56973,5,2713,0,369.0,4,2894810,210117.0
195,2223fb5d-b4b7-44f6-a006-ade92c817990,Vanuatu,Australia/Oceania,3.71,0.12,7.76,99.87,11952,0,14,0,11937,0,1,24976,321832,27,22988,13,44.0,0,77606,37137.0
196,7571007a-00f6-4500-bb60-f4fefbd4e388,Yemen,Asia,0.04,18.07,1.06,76.38,11945,0,2159,0,9124,0,662,329592,31154867,2608,14430,95,69.0,23,10579,383.0
197,7c640202-55e5-4657-9891-f36fc57df35b,Caribbean Netherlands,North America,42.56,0.32,113.06,92.38,11340,0,36,0,10476,0,828,30126,26647,2,740,1,1351.0,0,1130559,425564.0
198,e5f66c08-7ee3-42ef-8794-bc5893959c2d,Sint Maarten,North America,24.86,0.81,141.15,99.1,10931,0,89,0,10833,0,9,62056,43966,4,494,1,2024.0,0,1411454,248624.0
199,73a44b22-4103-4219-abf6-6a9052c5a6ea,Eritrea,Africa,0.28,1.01,0.65,98.99,10189,0,103,0,10086,0,0,23693,3662244,359,35556,155,28.0,0,6470,2782.0
200,ff4865bd-4235-44b3-89a7-d5780521117c,Niger,Africa,0.04,3.14,0.98,89.52,9931,0,312,0,8890,0,729,254538,26083660,2626,83601,102,12.0,1,9759,381.0
201,a9022093-264b-4ef7-8040-1af903412df3,Antigua and Barbuda,North America,9.15,1.6,18.99,98.33,9106,0,146,0,8954,0,6,18901,99509,11,682,5,1467.0,1,189943,91509.0
202,1ab1822a-8b0c-42bd-afe6-fb7e43d89d69,Comoros,Africa,0.98,1.81,0.0,96.71,8879,0,161,0,8587,0,131,0,907419,102,5636,0,177.0,0,0,9785.0
203,1a7c2436-654a-4ee5-b441-c5ecca24cdb3,Guinea-Bissau,Africa,0.43,1.99,7.04,97.67,8848,0,176,0,8642,0,30,145231,2063367,233,11724,14,85.0,6,70385,4288.0
204,66685d8a-d2f8-45e9-b5b5-047535dbb566,Liberia,Africa,0.15,3.68,2.64,96.22,7998,0,294,0,7696,0,8,139824,5305117,663,18045,38,55.0,2,26356,1508.0
205,efc676e5-a2c5-4d3b-9572-257b5e001d39,Sierra Leone,Africa,0.09,1.62,3.13,0.0,7754,0,126,0,7628,0,0,259958,8306436,1071,65924,32,15.0,0,31296,933.0
206,eb98badf-bb25-4255-89eb-930e5be74222,Chad,Africa,0.04,2.54,1.1,63.87,7631,0,194,0,4874,0,2563,191341,17413580,2282,89761,91,11.0,0,10988,438.0
207,f4a6f24f-8b9a-4f70-b7f0-3c1a3cbdfbff,British Virgin Islands,North America,23.88,0.88,350.83,0.0,7305,0,64,0,7241,0,0,107339,30596,4,478,0,2092.0,0,3508269,238757.0
208,8ea1486d-6647-4b7c-835e-a2788a6a5b7b,St. Vincent Grenadines,North America,6.38,1.62,90.41,93.38,7112,0,115,0,6641,0,356,100856,111551,16,970,1,1031.0,0,904125,63756.0
209,6bcba3d3-d887-47d5-bdcd-7282cf91cc1e,Saint Kitts and Nevis,North America,12.15,0.7,231.78,98.99,6548,0,46,0,6482,0,20,124861,53871,8,1171,0,854.0,0,2317778,121550.0
210,acee9dc8-0b7d-4eb7-9f1a-5e682db302ae,Turks and Caicos,North America,16.18,0.56,1384.47,98.96,6431,0,36,0,6364,0,31,550203,39741,6,1104,0,906.0,4,13844720,161823.0
212,85061c40-883d-44e2-9a50-c6c0b5de2a54,Sao Tome and Principe,Africa,2.76,1.23,12.75,98.69,6275,0,77,0,6193,0,5,29036,227679,36,2957,8,338.0,0,127530,27561.0
214,399cc203-6843-4a31-b599-5fe5a0365cb6,St. Barth,North America,53.52,0.11,790.81,0.0,5323,0,6,0,5317,0,0,78646,9945,2,1658,0,603.0,0,7908095,535244.0
216,834d4b30-7863-48af-bee8-54b606081edf,Anguilla,North America,25.63,0.31,337.37,99.36,3904,0,12,0,3879,0,13,51382,15230,4,1269,0,788.0,4,3373736,256336.0
218,f3f7c897-e88f-426f-b804-efc3ea76a20c,Saint Pierre Miquelon,North America,56.1,0.03,436.19,75.8,3231,0,1,0,2449,0,781,25120,5759,2,5759,0,174.0,1,4361868,561035.0
219,ec87cb7a-533c-4ed1-a2bd-7eb05549f552,Falkland Islands,South America,54.54,0.0,243.91,100.0,1930,0,0,0,1930,0,0,8632,3539,2,0,0,0.0,0,2439107,545352.0
221,563abe42-b4b2-4102-81a5-e65bcd3b8faa,Montserrat,North America,28.26,0.57,357.74,98.08,1403,0,8,0,1376,0,19,17762,4965,4,621,0,1611.0,0,3577442,282578.0
222,4f5de98a-49e3-4394-9534-b4b0c800ff96,Macao,Asia,0.12,0.75,1.18,98.99,795,0,6,0,787,0,2,7850,667490,840,111248,85,9.0,0,11760,1191.0
223,f2e9f8ce-c9cd-4ba0-bebe-bb0a853870c3,Wallis and Futuna,Australia/Oceania,6.93,0.92,186.74,57.56,761,0,7,0,438,0,316,20508,10982,14,1569,1,637.0,0,1867419,69295.0
224,b230d5ca-c30a-4d22-814e-53ceccfb8364,Diamond Princess,,0.0,1.83,0.0,98.17,712,0,13,0,699,0,0,0,0,0,0,0,0.0,0,0,0.0
226,f4fd07f5-e786-4153-bafe-7b35194a7eef,Vatican City,Europe,3.63,0.0,0.0,100.0,29,0,0,0,29,0,0,0,799,28,0,0,0.0,0,0,36295.0
228,98a06a3a-311a-445f-9caf-3b967e1ffef5,Western Sahara,Africa,0.0,10.0,0.0,90.0,10,0,1,0,9,0,0,0,626161,62616,626161,0,2.0,0,0,16.0
229,fa63e305-e10f-4b5d-a400-2edd6dcab0f4,MS Zaandam,,0.0,22.22,0.0,77.78,9,0,2,0,7,0,0,0,0,0,0,0,0.0,0,0,0.0
230,eb9b3fbc-6738-4a35-a943-42a0e05ea149,China,Asia,0.02,1.96,11.05,94.92,266359,1346,5226,0,252820,277,8313,160000000,1448471400,5438,277166,9,4.0,27,110461,184.0
